-- phpMyAdmin SQL Dump
-- version 5.1.1
-- https://www.phpmyadmin.net/
--
-- 主機： 127.0.0.1
-- 產生時間： 2025-04-29 16:30:15
-- 伺服器版本： 10.4.22-MariaDB
-- PHP 版本： 7.4.27

SET SQL_MODE = "NO_AUTO_VALUE_ON_ZERO";
START TRANSACTION;
SET time_zone = "+00:00";


/*!40101 SET @OLD_CHARACTER_SET_CLIENT=@@CHARACTER_SET_CLIENT */;
/*!40101 SET @OLD_CHARACTER_SET_RESULTS=@@CHARACTER_SET_RESULTS */;
/*!40101 SET @OLD_COLLATION_CONNECTION=@@COLLATION_CONNECTION */;
/*!40101 SET NAMES utf8mb4 */;

--
-- 資料庫: `expstore`
--

-- --------------------------------------------------------

--
-- 資料表結構 `addbook`
--

CREATE TABLE `addbook` (
  `addressid` int(11) NOT NULL COMMENT '地址ID',
  `setdefault` tinyint(1) NOT NULL DEFAULT 0 COMMENT '預設收件人',
  `emailid` int(11) NOT NULL COMMENT '會員編號',
  `cname` varchar(30) COLLATE utf8_unicode_ci NOT NULL COMMENT '收件者姓名',
  `mobile` varchar(20) COLLATE utf8_unicode_ci NOT NULL COMMENT '收件者電話',
  `myzip` varchar(10) COLLATE utf8_unicode_ci DEFAULT NULL COMMENT '郵遞區號',
  `address` varchar(200) COLLATE utf8_unicode_ci NOT NULL COMMENT '收件地址',
  `create_date` timestamp NOT NULL DEFAULT current_timestamp() COMMENT '建立日期'
) ENGINE=InnoDB DEFAULT CHARSET=utf8 COLLATE=utf8_unicode_ci;

-- --------------------------------------------------------

--
-- 資料表結構 `carousel`
--

CREATE TABLE `carousel` (
  `caro_id` int(11) NOT NULL COMMENT '輪播編號',
  `caro_title` varchar(50) COLLATE utf8_unicode_ci DEFAULT NULL COMMENT '輪播標題',
  `caro_content` varchar(100) COLLATE utf8_unicode_ci DEFAULT NULL COMMENT '輪播內容介紹',
  `caro_online` tinyint(1) NOT NULL DEFAULT 1 COMMENT '上下架',
  `caro_sort` int(11) NOT NULL COMMENT '輪播排序',
  `caro_pic` varchar(50) COLLATE utf8_unicode_ci NOT NULL COMMENT '輪播圖檔名稱',
  `p_id` int(11) NOT NULL COMMENT '產品編號',
  `create_date` timestamp NOT NULL DEFAULT current_timestamp() COMMENT '建立日期'
) ENGINE=InnoDB DEFAULT CHARSET=utf8 COLLATE=utf8_unicode_ci;

-- --------------------------------------------------------

--
-- 資料表結構 `cart`
--

CREATE TABLE `cart` (
  `cartid` int(11) NOT NULL COMMENT '購物車編號',
  `emailid` int(11) DEFAULT NULL COMMENT '會員編號',
  `p_id` int(11) NOT NULL COMMENT '產品編號',
  `qty` int(11) NOT NULL COMMENT '產品數量',
  `orderid` varchar(30) COLLATE utf8_unicode_ci DEFAULT NULL COMMENT '訂單編號',
  `status` tinyint(4) NOT NULL DEFAULT 1 COMMENT '訂單處理狀態',
  `ip` varchar(200) COLLATE utf8_unicode_ci NOT NULL COMMENT '訂購者的IP',
  `create_date` timestamp NOT NULL DEFAULT current_timestamp() COMMENT '加入購物車時間'
) ENGINE=InnoDB DEFAULT CHARSET=utf8 COLLATE=utf8_unicode_ci;

-- --------------------------------------------------------

--
-- 資料表結構 `city`
--

CREATE TABLE `city` (
  `AutoNo` int(11) NOT NULL COMMENT '城市編號',
  `Name` varchar(150) COLLATE utf8_unicode_ci NOT NULL COMMENT '城市名稱',
  `cityOrder` tinyint(4) NOT NULL COMMENT '標記',
  `State` smallint(6) NOT NULL COMMENT '狀態'
) ENGINE=MyISAM DEFAULT CHARSET=utf8 COLLATE=utf8_unicode_ci;

--
-- 傾印資料表的資料 `city`
--

INSERT INTO `city` (`AutoNo`, `Name`, `cityOrder`, `State`) VALUES
(1, '臺北市', 0, 0),
(2, '基隆市', 0, 0),
(3, '新北市', 0, 0),
(4, '宜蘭縣', 0, 0),
(5, '新竹市', 0, 0),
(6, '新竹縣', 0, 0),
(7, '桃園市', 0, 0),
(8, '苗栗縣', 0, 0),
(9, '台中市', 0, 0),
(10, '彰化縣', 0, 0),
(11, '南投縣', 0, 0),
(12, '雲林縣', 0, 0),
(13, '嘉義市', 0, 0),
(14, '嘉義縣', 0, 0),
(15, '台南市', 0, 0),
(16, '高雄市', 0, 0),
(17, '南海諸島', 0, 0),
(18, '澎湖縣', 0, 0),
(19, '屏東縣', 0, 0),
(20, '台東縣', 0, 0),
(21, '花蓮縣', 0, 0),
(22, '金門縣', 0, 0),
(23, '連江縣', 0, 0);

-- --------------------------------------------------------

--
-- 資料表結構 `hot`
--

CREATE TABLE `hot` (
  `h_id` int(3) NOT NULL COMMENT '熱銷商品流水號',
  `p_id` int(10) NOT NULL COMMENT '產品編號',
  `h_sort` int(3) DEFAULT NULL COMMENT '熱銷商品排名'
) ENGINE=InnoDB DEFAULT CHARSET=utf8 COLLATE=utf8_unicode_ci;

--
-- 傾印資料表的資料 `hot`
--

INSERT INTO `hot` (`h_id`, `p_id`, `h_sort`) VALUES
(1, 13, 1),
(2, 14, 2),
(3, 15, 3);

-- --------------------------------------------------------

--
-- 資料表結構 `member`
--

CREATE TABLE `member` (
  `emailid` int(11) NOT NULL COMMENT 'email流水號',
  `email` varchar(100) COLLATE utf8_unicode_ci NOT NULL COMMENT 'email帳號',
  `pw1` varchar(50) COLLATE utf8_unicode_ci NOT NULL COMMENT '密碼',
  `active` tinyint(1) NOT NULL DEFAULT 1 COMMENT '是否啟動',
  `cname` varchar(30) COLLATE utf8_unicode_ci NOT NULL COMMENT '中文姓名',
  `tssn` varchar(20) COLLATE utf8_unicode_ci NOT NULL COMMENT '身份證字號',
  `birthday` date NOT NULL COMMENT '生日',
  `imgname` varchar(20) COLLATE utf8_unicode_ci DEFAULT NULL COMMENT '相片檔名',
  `create_date` timestamp NOT NULL DEFAULT current_timestamp() COMMENT '建立日期'
) ENGINE=InnoDB DEFAULT CHARSET=utf8 COLLATE=utf8_unicode_ci;

-- --------------------------------------------------------

--
-- 資料表結構 `multiselect`
--

CREATE TABLE `multiselect` (
  `msid` int(5) NOT NULL COMMENT '多功能選擇ID',
  `mslevel` int(2) NOT NULL COMMENT '多功能選擇層級',
  `msuplink` int(4) NOT NULL COMMENT '上層連結',
  `opcode` varchar(10) COLLATE utf8_unicode_ci DEFAULT NULL COMMENT '外掛參數',
  `msname` varchar(50) COLLATE utf8_unicode_ci NOT NULL COMMENT '多功能選擇名稱',
  `msort` int(11) DEFAULT NULL COMMENT '各功能列表排序',
  `url1` varchar(200) COLLATE utf8_unicode_ci DEFAULT NULL COMMENT '外掛網址1',
  `url2` varchar(200) COLLATE utf8_unicode_ci DEFAULT NULL COMMENT '外掛網址2',
  `create_date` timestamp NOT NULL DEFAULT current_timestamp() COMMENT '建立日期',
  `update_date` varchar(50) COLLATE utf8_unicode_ci DEFAULT NULL COMMENT '修改日期'
) ENGINE=InnoDB DEFAULT CHARSET=utf8 COLLATE=utf8_unicode_ci;

--
-- 傾印資料表的資料 `multiselect`
--

INSERT INTO `multiselect` (`msid`, `mslevel`, `msuplink`, `opcode`, `msname`, `msort`, `url1`, `url2`, `create_date`, `update_date`) VALUES
(1, 1, 0, NULL, '付款方式', 0, NULL, NULL, '2023-08-11 09:46:53', '2023-08-17 03:42:28'),
(2, 1, 0, NULL, '訂單處理狀態', 0, NULL, NULL, '2023-08-11 09:52:29', '2023-08-17 03:42:41'),
(3, 2, 1, NULL, '貨到付款', 1, NULL, NULL, '2023-08-11 09:55:45', '2023-08-17 03:43:37'),
(4, 2, 1, NULL, '信用卡付款', 2, NULL, NULL, '2023-08-11 09:55:45', '2023-08-17 03:43:54'),
(5, 2, 1, NULL, '銀行轉帳', 3, NULL, NULL, '2023-08-11 09:55:45', '2023-08-17 03:44:37'),
(6, 2, 1, NULL, '電子支付', 4, NULL, NULL, '2023-08-11 09:55:45', '2023-08-17 03:44:51'),
(7, 2, 2, NULL, '處理中', 1, NULL, NULL, '2023-08-11 10:06:42', '2023-08-17 03:45:03'),
(8, 2, 2, NULL, '待出貨', 2, NULL, NULL, '2023-08-11 10:06:42', '2023-08-17 03:45:32'),
(9, 2, 2, NULL, '運送中', 3, NULL, NULL, '2023-08-11 10:06:42', '2023-08-17 03:45:45'),
(10, 2, 2, NULL, '收貨完成', 4, NULL, NULL, '2023-08-11 10:06:42', '2023-08-17 03:46:10'),
(11, 2, 2, NULL, '退貨中', 5, NULL, NULL, '2023-08-11 10:06:42', '2023-08-17 03:46:24'),
(12, 2, 2, NULL, '已關閉訂單', 6, NULL, NULL, '2023-08-11 10:06:42', '2023-08-17 03:46:35'),
(13, 2, 2, NULL, '無效訂單', 7, NULL, NULL, '2023-08-11 10:06:42', '2023-08-17 05:39:26'),
(14, 2, 2, NULL, '訂單確認', 8, NULL, NULL, '2023-08-18 06:13:47', '2023-10-23 12:37:36'),
(15, 2, 2, NULL, '平台出貨', 9, NULL, NULL, '2023-08-18 06:13:47', '2023-10-25 08:29:31'),
(34, 1, 0, NULL, '付款處理狀態', 0, NULL, NULL, '2023-08-11 09:52:29', '2023-08-17 03:42:41'),
(35, 2, 34, NULL, '侍貨到付款', 1, NULL, NULL, '2023-08-11 09:55:45', '2023-10-25 08:39:12'),
(36, 2, 34, NULL, '完成付款', 2, NULL, NULL, '2023-08-11 09:55:45', '2023-10-25 08:39:12'),
(37, 2, 34, NULL, '未完成付款', 3, NULL, NULL, '2023-08-11 09:55:45', '2023-10-25 08:39:12'),
(38, 2, 34, NULL, '貨到付款已完成', 4, NULL, NULL, '2023-08-11 09:55:45', '2023-10-25 08:39:12');

-- --------------------------------------------------------

--
-- 資料表結構 `product`
--

CREATE TABLE `product` (
  `p_id` int(10) NOT NULL COMMENT '產品編號',
  `classid` int(3) NOT NULL COMMENT '產品類別',
  `p_name` varchar(200) COLLATE utf8_unicode_ci NOT NULL COMMENT '產品名稱',
  `p_intro` varchar(200) COLLATE utf8_unicode_ci DEFAULT NULL COMMENT '產品簡介',
  `p_price` int(11) DEFAULT NULL COMMENT '產品單價',
  `p_open` tinyint(1) NOT NULL DEFAULT 1 COMMENT '上架',
  `p_content` text COLLATE utf8_unicode_ci DEFAULT NULL COMMENT '產品詳細規格',
  `p_date` timestamp NULL DEFAULT current_timestamp() COMMENT '產品輸入日期'
) ENGINE=InnoDB DEFAULT CHARSET=utf8 COLLATE=utf8_unicode_ci;

--
-- 傾印資料表的資料 `product`
--

INSERT INTO `product` (`p_id`, `classid`, `p_name`, `p_intro`, `p_price`, `p_open`, `p_content`, `p_date`) VALUES
(1, 3, 'Covernat T Shirt 純色 大C印花 圓領套頭短袖 男女同款 黑色', 'Covernat T恤是一款以時尚、舒適為主的潮流單品，T恤系列都提供了豐富的顏色選擇，讓你可以根據個人風格進行挑選。它不僅適用於日常穿著，也能在各種場合下展現你的個性和品味。無論是搭配牛仔褲、裙子還是運動褲，都能展現出獨特的風采。', 650, 1, NULL, '2025-04-29 02:00:52'),
(2, 3, 'Covernat 8字母LOGO印花 純棉雙紗短袖T恤 情侶百搭款 白色', 'Covernat T 恤設計方面，通常具有簡潔而不失個性的外觀。經典的純色款式和帶有獨特印花、圖案的設計，都能展現出品牌的獨特風格。領口的設計精緻，線條流暢，能夠很好地貼合頸部，既舒適又美觀。選用優質的面料，柔軟親膚，透氣性良好。即使在炎熱的天氣里，也能讓你保持乾爽舒適。', 680, 1, NULL, '2025-04-29 02:07:19'),
(3, 3, 'Covernat 帽T 韓國小衆品牌 字母刺繡連帽衛衣 灰色', 'Covernat 帽T以其簡約大方的外觀和別致的設計風格而脫穎而出，採用高品質的面料製作，確保了穿著的舒適感和耐用性。這款帽T的設計適用於各種不同風格的穿搭，無論是搭配牛仔褲、長裙還是短裙，都能展現出獨特的個人風采。', 1280, 1, NULL, '2025-04-29 02:10:57'),
(4, 3, 'Covernat C標 寬松衛衣 半拉鏈套頭衫 男女同款 黑色', 'Covernat的半拉鏈衛衣是這個時尚品牌所推出的一款經典單品，以其簡約時尚的設計風格和優質的面料而受到廣泛喜愛。以其簡約大方的外觀和別致的拉鍊設計而脫穎而出。這種設計風格融合了時尚前衛和實用性，讓人一眼就能感受到品牌的獨特魅力。', 1350, 1, NULL, '2025-04-29 02:14:25'),
(5, 4, 'Raucohouse / 愛心塗鴉短Tee', '✓100% 純棉面料，手感柔軟舒適\r\n\r\n材質介紹\r\n材質：棉 100%\r\n供應地：韓國', 980, 1, NULL, '2025-04-29 03:18:51'),
(6, 4, 'Raucohouse / 寬鬆條紋 POLO 薄長Tee', '✓寬鬆落肩版型，適合不同身形\r\n\r\n材質介紹\r\n材質：棉 100%\r\n供應地：韓國', 1280, 1, NULL, '2025-04-29 03:24:08'),
(7, 4, 'Raucohouse / 大口袋寬版連帽外套', '✓雙拉鍊設計可隨意調整穿搭造型\r\n✓兩側大口袋提升日常穿著便利性\r\n\r\n材質介紹\r\n材質：棉 100%\r\n供應地：韓國', 1580, 1, NULL, '2025-04-29 04:31:55'),
(8, 4, 'Raucohouse / 復古水洗十字短Tee', '✓復古水洗面料\r\n\r\n材質介紹\r\n材質：棉 100%\r\n供應地：韓國', 980, 1, NULL, '2025-04-29 04:35:04'),
(9, 5, 'NERDY IU同款外套 男女寬鬆 休閒外套上衣 黑色', '適合日常穿搭 經典舒適圓領\r\n\r\n標誌性的LOGO貼標 決定著品牌的效應價值比\r\n\r\n袖口和下擺螺紋設計 防風的同時又顯得挺括\r\n\r\n全新標誌帶設計 RGB彩色標誌層疊設計\r\n\r\n褲腳收口設計 拉長腿部比例 更顯休閑感', 1090, 1, NULL, '2025-04-29 04:40:17'),
(10, 5, 'NERDY 韓國學院風 休閒百搭 情侶校服外套 運動上衣 淺藍色', 'NERDY 品牌以紐約街頭文化為設計靈感，簡約而易搭，成立2年在韓國就迅速擴展31個店面，目前在台灣也有代理商引進。今年，NERDY火力全開進軍國際，火熱程度絕對爆表！', 1080, 1, NULL, '2025-04-29 04:44:04'),
(11, 6, 'Lee 男款 寬鬆版 短袖T恤 海軍藍 | Modern', '系列：Modern\r\n版型：寬鬆版\r\n材質：100%棉\r\n丹寧卡通圖案印花', 1780, 1, NULL, '2025-04-29 04:47:29'),
(12, 6, 'Lee 女款 寬鬆短版 短袖T恤 冰川藍 | Modern', '系列：Modern\r\n版型：寬鬆短版\r\n材質：100%棉\r\nBonjour Monday\r\n撞色條紋', 1580, 1, NULL, '2025-04-29 04:50:29'),
(13, 6, 'Lee 男款 短袖T恤 氣質黑 | Modern', '系列：Modern\r\n版型：標準版\r\n材質：100%棉\r\n牛仔元素印花\r\nWORK CLOTHES標語印花', 948, 1, NULL, '2025-04-29 04:54:14'),
(14, 7, 'Air Jordan 1 低筒', 'Air Jordan 1 低筒鞋以 1985 年首度推出的原版設計為靈感，造型簡潔經典，既熟悉又頗具潮感。 這款運動鞋採用實穿百搭的經典設計，讓你風格不敗。', 3800, 1, NULL, '2025-04-29 04:58:46'),
(15, 7, 'Nike Pegasus 41', 'Pegasus 的靈敏緩震機能，為日常路跑打造勁跑體驗。 體驗雙 Air Zoom 氣墊和 ReactX 泡棉中底帶來的輕量級能量回傳效果。 鞋面採用改版機能網布，可減輕重量並提升透氣性。', 3800, 1, NULL, '2025-04-29 05:12:00'),
(16, 7, 'Book 1 \"Moss Point\" EP', 'Devin Booker 是心思縝密的球場巧匠，總能以晃倒對手的進攻腳步甩開防守者，緊接一連串華麗試探步，伺機跳投破網。 Book 專屬鞋款，正是他刻下非凡表現的最佳利器。 皮革裝飾襯托超平滑鞋面，提供疾速緩震的騁馳腳感，助你用步法與飢渴籃球魂開拓出進攻空間。 此版本配有超耐久橡膠外底，能為室外球場競技提供所需抓地力。', 4400, 1, NULL, '2025-04-29 05:14:29'),
(17, 7, 'Luka 3 PF', '穿上空前輕盈的 Luka 鞋款，讓你的場上表現更亮眼。 Luka 3 的設計理念是協助您加快速度，進而創造空間，採用全掌式 Cushlon 3.0 泡棉，使腳跟至腳尖的受力轉換更加流暢。 強韌彈性的足底鞋底墊片包覆於鞋外側，讓你在後退時突破防守，進攻籃框。 我們也在設計注入疾速風格，當你奔馳向前時，造型更臻完美。', 4000, 1, NULL, '2025-04-29 05:16:57'),
(18, 8, 'Chuck Taylor All Star Lift', '高筒厚底帆布休閒鞋\r\n厚底設計實現增高效果', 1740, 1, NULL, '2025-04-29 05:22:24'),
(19, 8, 'Chuck Taylor All Star Lift Double Stack', 'Chuck Taylor All Star Lift Double Stack 是 Converse 推出的經典厚底帆布鞋款，以經典 Chuck Taylor 為基礎，加入加高雙層厚底設計，拉長腿部比例，兼具復古與潮流風格。其鞋面多為帆布材質，搭配高筒設計與標誌性的星徽 Logo，深受街頭穿搭與時尚人士喜愛。', 1960, 1, NULL, '2025-04-29 06:01:30'),
(20, 8, 'Chuck Taylor All Star Cruise', 'Chuck Taylor All Star Cruise 是 Converse 為滑板文化與街頭風格打造的新世代鞋款，結合經典 Chuck 外型與現代設計元素。它擁有流線型鞋身、低筒剪裁與改良鞋底結構，提供更靈活的穿著體驗，同時保有原始 Chuck 的復古精神，是追求舒適與個性風格穿搭者的理想選擇。', 1960, 1, NULL, '2025-04-29 06:04:02'),
(21, 8, 'Converse CTAS', 'Converse CTAS（Chuck Taylor All Star） 是品牌最具代表性的經典鞋款，自 1917 年問世以來風靡全球，以其簡約帆布鞋面、橡膠鞋頭與星徽標誌聞名。不論是高筒還是低筒設計，CTAS 都能輕鬆搭配各種風格，成為跨世代的街頭潮流象徵與日常穿搭必備單品。', 1690, 1, NULL, '2025-04-29 06:09:34'),
(22, 9, 'FORUM LOW CL', 'adidas FORUM LOW CL 是經典籃球鞋 Forum 的低筒復刻款，保留80年代復古輪廓與標誌性鞋帶扣設計，並融入現代簡約風格。其皮革鞋面搭配穩固的鞋底結構，不僅耐穿舒適，也深受街頭潮人與復古風格愛好者喜愛。', 3320, 1, NULL, '2025-04-29 06:12:29'),
(23, 9, 'LIGHTBLAZE', 'adidas LIGHTBLAZE 是一雙專為速度與靈活性設計的運動鞋，結合輕量鞋面與動態中底科技，提供優異的回彈與舒適腳感。無論是日常運動還是街頭穿搭，LIGHTBLAZE 都展現出流線造型與現代感，適合追求機能與風格兼具的你。', 3140, 1, NULL, '2025-04-29 06:14:46'),
(24, 9, 'FORUM LOW CL', 'adidas Forum Low CL 承襲 1984 年經典籃球鞋設計，以低筒造型結合高質感皮革鞋面與復古鞋帶扣，展現濃厚的街頭與復古風格。它不僅保留運動血統，更因其獨特外型與細節成為現今潮流穿搭的熱門單品，適合打造多元街頭造型。', 3690, 1, NULL, '2025-04-29 06:17:28'),
(25, 9, 'DURAMO SPEED 2 W', 'adidas DURAMO SPEED 2 W 是專為女性設計的輕量跑鞋，結合透氣網布鞋面與高回彈中底，提供舒適支撐與靈活腳感，適合日常慢跑、健身或長時間穿著。流線外型與柔和配色，讓運動與時尚兼得，是都市女性運動穿搭的理想選擇。', 2380, 1, NULL, '2025-04-29 07:07:35'),
(26, 10, 'NEW BALANCE 574', 'New Balance 574 是品牌最具代表性的經典鞋款之一，自 1980 年代問世以來，以其復古外型、穩定支撐與全天舒適著稱。採用麂皮與網布拼接鞋面，搭配 ENCAP 緩震中底，不僅適合日常穿搭，也深受街頭與運動愛好者喜愛，是百搭又不退流行的經典之選。', 2980, 1, NULL, '2025-04-29 07:10:57'),
(27, 10, 'NEW BALANCE WRPD', 'New Balance 的 WRPD（Warped）系列 是品牌近年推出的嶄新鞋款系列，主打未來感設計與舒適腳感的結合，呈現出與傳統 New Balance 風格截然不同的風貌。這個系列的命名「WRPD」源自英文單字「Warped」，意指扭曲、變形，象徵該系列以突破常規的鞋型輪廓與創新中底設計，打造前衛風格。', 4880, 1, NULL, '2025-04-29 08:07:41'),
(28, 10, 'NEW BALANCE 996', 'New Balance 996 是品牌於 1988 年推出的經典跑鞋之一，是 New Balance 首款將功能性與時尚感完美結合的鞋型。996 不僅是性能跑鞋的代表作，也逐漸成為生活休閒穿搭中的熱門款式。', 3680, 1, NULL, '2025-04-29 08:11:08'),
(29, 10, 'NEW BALANCE M680\r\n', 'New Balance M680 是一款定位於入門級跑者與日常訓練使用的跑鞋，屬於品牌中價位但高性能的跑步鞋系列。它以舒適的穿著感受、穩定的支撐力與親民的價格，深受初階跑者與運動愛好者青睞。', 2380, 1, NULL, '2025-04-29 08:13:35');

-- --------------------------------------------------------

--
-- 資料表結構 `product_img`
--

CREATE TABLE `product_img` (
  `img_id` int(11) NOT NULL COMMENT '圖檔編號',
  `p_id` int(10) NOT NULL COMMENT '產品編號',
  `img_file` varchar(100) COLLATE utf8_unicode_ci NOT NULL COMMENT '圖檔名稱',
  `sort` int(2) NOT NULL COMMENT '圖片順序',
  `create_date` timestamp NOT NULL DEFAULT current_timestamp() COMMENT '建立日期'
) ENGINE=InnoDB DEFAULT CHARSET=utf8 COLLATE=utf8_unicode_ci;

--
-- 傾印資料表的資料 `product_img`
--

INSERT INTO `product_img` (`img_id`, `p_id`, `img_file`, `sort`, `create_date`) VALUES
(1, 1, 'covernat01.jpg', 1, '2025-04-29 02:04:49'),
(2, 1, 'covernat01-2.jpg', 2, '2025-04-29 02:05:25'),
(3, 2, 'covernat02.jpg', 1, '2025-04-29 02:08:47'),
(4, 2, 'covernat02-2.jpg', 2, '2025-04-29 02:09:22'),
(5, 3, 'covernat03.jpg', 1, '2025-04-29 02:12:03'),
(6, 3, 'covernat03-2.jpg', 2, '2025-04-29 02:12:51'),
(7, 4, 'covernat04.jpg', 1, '2025-04-29 02:15:16'),
(8, 4, 'covernat04-2.jpg', 2, '2025-04-29 02:16:04'),
(9, 5, 'raucohouse01.webp', 1, '2025-04-29 03:20:39'),
(10, 5, 'raucohouse01-2.webp', 2, '2025-04-29 03:22:21'),
(11, 6, 'raucohouse02.webp', 1, '2025-04-29 03:25:23'),
(12, 6, 'raucohouse02-2.webp', 2, '2025-04-29 03:26:14'),
(13, 7, 'raucohouse03.webp', 1, '2025-04-29 04:33:03'),
(14, 7, 'raucohouse03-2.webp', 2, '2025-04-29 04:33:55'),
(15, 8, 'raucohouse04.webp', 1, '2025-04-29 04:36:49'),
(16, 8, 'raucohouse04-2.webp', 2, '2025-04-29 04:38:00'),
(17, 9, 'nerdy01.jpg', 1, '2025-04-29 04:41:05'),
(18, 9, 'nerdy01-2.jpg', 2, '2025-04-29 04:41:52'),
(19, 10, 'nerdy02.jpg', 1, '2025-04-29 04:44:53'),
(20, 10, 'nerdy02-2.jpg', 2, '2025-04-29 04:45:28'),
(21, 11, 'lee01.jfif', 1, '2025-04-29 04:49:02'),
(22, 11, 'lee01-2.jfif', 2, '2025-04-29 04:49:12'),
(23, 12, 'lee02.jfif', 1, '2025-04-29 04:51:22'),
(24, 12, 'lee02-2.jfif', 2, '2025-04-29 04:52:05'),
(25, 13, 'lee03.jfif', 1, '2025-04-29 04:54:53'),
(26, 13, 'lee03-2.jfif', 2, '2025-04-29 04:55:39'),
(28, 14, 'nike01.avif', 1, '2025-04-29 04:59:50'),
(29, 14, 'nike01-2.avif', 2, '2025-04-29 05:00:55'),
(30, 15, 'nike02.avif', 1, '2025-04-29 05:12:49'),
(31, 15, 'nike02-2.avif', 2, '2025-04-29 05:13:25'),
(32, 16, 'nike03.avif', 1, '2025-04-29 05:15:04'),
(33, 16, 'nike03-2.avif', 2, '2025-04-29 05:15:40'),
(34, 17, 'nike04.avif', 1, '2025-04-29 05:17:38'),
(35, 17, 'nike04-2.avif', 2, '2025-04-29 05:18:12'),
(36, 18, 'converse01.jpg', 1, '2025-04-29 05:23:09'),
(37, 18, 'converse01-2.jpg', 2, '2025-04-29 05:24:09'),
(38, 19, 'converse02.jpg', 1, '2025-04-29 06:02:15'),
(39, 19, 'converse02-2.jpg', 2, '2025-04-29 06:03:02'),
(40, 20, 'converse03.jpg', 1, '2025-04-29 06:04:48'),
(41, 20, 'converse03-2.jpg', 2, '2025-04-29 06:05:20'),
(42, 21, 'converse04.jpg', 1, '2025-04-29 06:10:24'),
(43, 21, 'converse04-2.jpg', 2, '2025-04-29 06:10:47'),
(44, 22, 'adidas01.jpg', 1, '2025-04-29 06:13:24'),
(45, 22, 'adidas01-2.jpg', 2, '2025-04-29 06:13:51'),
(46, 23, 'adidas02.jpg', 1, '2025-04-29 06:15:31'),
(47, 23, 'adidas02-2.jpg', 2, '2025-04-29 06:16:06'),
(48, 24, 'adidas03.jpg', 1, '2025-04-29 06:18:14'),
(49, 24, 'adidas03-2.jpg', 2, '2025-04-29 07:05:31'),
(50, 25, 'adidas04.jpg', 1, '2025-04-29 07:08:27'),
(51, 25, 'adidas04-2.jpg', 2, '2025-04-29 07:09:07'),
(52, 26, 'nb01.jpg', 1, '2025-04-29 07:11:41'),
(53, 26, 'nb01-2.jpg', 2, '2025-04-29 07:12:12'),
(54, 27, 'nb02.jpg', 1, '2025-04-29 08:08:33'),
(55, 27, 'nb02-2.jpg', 2, '2025-04-29 08:09:19'),
(56, 28, 'nb03.jpg', 1, '2025-04-29 08:11:45'),
(57, 28, 'nb03-2.jpg', 2, '2025-04-29 08:12:12'),
(58, 29, 'nb04.jpg', 1, '2025-04-29 08:14:12'),
(59, 29, 'nb04-2.jpg', 2, '2025-04-29 08:14:40');

-- --------------------------------------------------------

--
-- 資料表結構 `pyclass`
--

CREATE TABLE `pyclass` (
  `classid` int(3) NOT NULL COMMENT '產品類別',
  `level` int(2) NOT NULL COMMENT '所在層級',
  `fonticon` varchar(30) COLLATE utf8_unicode_ci NOT NULL COMMENT '字型圖示',
  `cname` varchar(30) COLLATE utf8_unicode_ci NOT NULL COMMENT '類別名稱',
  `sort` int(3) NOT NULL COMMENT '列表排序',
  `uplink` int(3) NOT NULL COMMENT '上層連結',
  `create_date` timestamp NOT NULL DEFAULT current_timestamp() ON UPDATE current_timestamp() COMMENT '建立時間與更新時間'
) ENGINE=InnoDB DEFAULT CHARSET=utf8 COLLATE=utf8_unicode_ci ROW_FORMAT=COMPACT;

--
-- 傾印資料表的資料 `pyclass`
--

INSERT INTO `pyclass` (`classid`, `level`, `fonticon`, `cname`, `sort`, `uplink`, `create_date`) VALUES
(1, 1, '\'fas\',\'shirt\'', '上衣/t-shirt', 1, 0, '2025-04-28 04:25:40'),
(2, 1, '\'fas\',\'icons\'', '飾品/鞋子', 2, 0, '2025-04-28 04:25:40'),
(3, 2, '\'fas\',\'shirt\'', 'COVERNAT', 1, 1, '2025-04-28 04:25:40'),
(4, 2, '\'fas\',\'shirt\'', 'Raucohouse', 2, 1, '2025-04-29 02:43:08'),
(5, 2, '\'fas\',\'shirt\'', 'NERDY', 3, 1, '2025-04-28 04:25:40'),
(6, 2, '\'fas\',\'shirt\'', 'Lee', 4, 1, '2025-04-28 04:25:40'),
(7, 2, '\'fas\',\'icons\'', 'Nike', 1, 2, '2025-04-28 04:25:40'),
(8, 2, '\'fas\',\'icons\'', 'Converse', 2, 2, '2025-04-28 04:25:40'),
(9, 2, '\'fas\',\'icons\'', 'Adidas', 3, 2, '2025-04-28 04:25:40'),
(10, 2, '\'fas\',\'icons\'', 'New Balance', 4, 2, '2025-04-28 04:25:40');

-- --------------------------------------------------------

--
-- 資料表結構 `town`
--

CREATE TABLE `town` (
  `townNo` bigint(20) NOT NULL COMMENT '鄕鎮市編號',
  `Name` varchar(150) COLLATE utf8_unicode_ci NOT NULL COMMENT '鄕鎮市名稱',
  `Post` varchar(10) COLLATE utf8_unicode_ci NOT NULL COMMENT '郵遞區號',
  `State` smallint(6) NOT NULL COMMENT '狀態',
  `AutoNo` int(10) NOT NULL COMMENT '上層城市編號連結'
) ENGINE=MyISAM DEFAULT CHARSET=utf8 COLLATE=utf8_unicode_ci;

--
-- 傾印資料表的資料 `town`
--

INSERT INTO `town` (`townNo`, `Name`, `Post`, `State`, `AutoNo`) VALUES
(1, '中正區', '100', 0, 1),
(2, '大同區', '103', 0, 1),
(3, '中山區', '104', 0, 1),
(4, '松山區', '105', 0, 1),
(5, '大安區', '106', 0, 1),
(6, '萬華區', '108', 0, 1),
(7, '信義區', '110', 0, 1),
(8, '士林區', '111', 0, 1),
(9, '北投區', '112', 0, 1),
(10, '內湖區', '114', 0, 1),
(11, '南港區', '115', 0, 1),
(12, '文山區', '116', 0, 1),
(13, '仁愛區', '200', 0, 2),
(14, '信義區', '201', 0, 2),
(15, '中正區', '202', 0, 2),
(16, '中山區', '203', 0, 2),
(17, '安樂區', '204', 0, 2),
(18, '暖暖區', '205', 0, 2),
(19, '七堵區', '206', 0, 2),
(20, '萬里區', '207', 0, 3),
(21, '金山區', '208', 0, 3),
(22, '板橋區', '220', 0, 3),
(23, '汐止區', '221', 0, 3),
(24, '深坑區', '222', 0, 3),
(25, '石碇區', '223', 0, 3),
(26, '瑞芳區', '224', 0, 3),
(27, '平溪區', '226', 0, 3),
(28, '雙溪區', '227', 0, 3),
(29, '貢寮區', '228', 0, 3),
(30, '新店區', '231', 0, 3),
(31, '坪林區', '232', 0, 3),
(32, '烏來區', '233', 0, 3),
(33, '永和區', '234', 0, 3),
(34, '中和區', '235', 0, 3),
(35, '土城區', '236', 0, 3),
(36, '三峽區', '237', 0, 3),
(37, '樹林區', '238', 0, 3),
(38, '鶯歌區', '239', 0, 3),
(39, '三重區', '241', 0, 3),
(40, '新莊區', '242', 0, 3),
(41, '泰山區', '243', 0, 3),
(42, '林口區', '244', 0, 3),
(43, '蘆洲區', '247', 0, 3),
(44, '五股區', '248', 0, 3),
(45, '八里區', '249', 0, 3),
(46, '淡水區', '251', 0, 3),
(47, '三芝區', '252', 0, 3),
(48, '石門區', '253', 0, 3),
(49, '宜蘭市', '260', 0, 4),
(50, '頭城鎮', '261', 0, 4),
(51, '礁溪鄉', '262', 0, 4),
(52, '壯圍鄉', '263', 0, 4),
(53, '員山鄉', '264', 0, 4),
(54, '羅東鎮', '265', 0, 4),
(55, '三星鄉', '266', 0, 4),
(56, '大同鄉', '267', 0, 4),
(57, '五結鄉', '268', 0, 4),
(58, '冬山鄉', '269', 0, 4),
(59, '蘇澳鎮', '270', 0, 4),
(60, '南澳鄉', '272', 0, 4),
(61, '釣魚台列嶼', '290', 0, 4),
(62, '新竹市(東區)', '300', 0, 5),
(63, '竹北市', '302', 0, 6),
(64, '湖口鄉', '303', 0, 6),
(65, '新豐鄉', '304', 0, 6),
(66, '新埔鎮', '305', 0, 6),
(67, '關西鎮', '306', 0, 6),
(68, '芎林鄉', '307', 0, 6),
(69, '寶山鄉', '308', 0, 6),
(70, '竹東鎮', '310', 0, 6),
(71, '五峰鄉', '311', 0, 6),
(72, '橫山鄉', '312', 0, 6),
(73, '尖石鄉', '313', 0, 6),
(74, '北埔鄉', '314', 0, 6),
(75, '峨眉鄉', '315', 0, 6),
(76, '中壢區', '320', 0, 7),
(77, '平鎮區', '324', 0, 7),
(78, '龍潭區', '325', 0, 7),
(79, '楊梅區', '326', 0, 7),
(80, '新屋區', '327', 0, 7),
(81, '觀音區', '328', 0, 7),
(82, '桃園區', '330', 0, 7),
(83, '龜山區', '333', 0, 7),
(84, '八德區', '334', 0, 7),
(85, '大溪區', '335', 0, 7),
(86, '復興區', '336', 0, 7),
(87, '大園區', '337', 0, 7),
(88, '蘆竹區', '338', 0, 7),
(89, '竹南鎮', '350', 0, 8),
(90, '頭份市', '351', 0, 8),
(91, '三灣鄉', '352', 0, 8),
(92, '南庄鄉', '353', 0, 8),
(93, '獅潭鄉', '354', 0, 8),
(94, '後龍鎮', '356', 0, 8),
(95, '通霄鎮', '357', 0, 8),
(96, '苑裡鎮', '358', 0, 8),
(97, '苗栗市', '360', 0, 8),
(98, '造橋鄉', '361', 0, 8),
(99, '頭屋鄉', '362', 0, 8),
(100, '公館鄉', '363', 0, 8),
(101, '大湖鄉', '364', 0, 8),
(102, '泰安鄉', '365', 0, 8),
(103, '銅鑼鄉', '366', 0, 8),
(104, '三義鄉', '367', 0, 8),
(105, '西湖鄉', '368', 0, 8),
(106, '卓蘭鎮', '369', 0, 8),
(107, '中區', '400', 0, 9),
(108, '東區', '401', 0, 9),
(109, '南區', '402', 0, 9),
(110, '西區', '403', 0, 9),
(111, '北區', '404', 0, 9),
(112, '北屯區', '406', 0, 9),
(113, '西屯區', '407', 0, 9),
(114, '南屯區', '408', 0, 9),
(115, '太平區', '411', 0, 9),
(116, '大里區', '412', 0, 9),
(117, '霧峰區', '413', 0, 9),
(118, '烏日區', '414', 0, 9),
(119, '豐原區', '420', 0, 9),
(120, '后里區', '421', 0, 9),
(121, '石岡區', '422', 0, 9),
(122, '東勢區', '423', 0, 9),
(123, '和平區', '424', 0, 9),
(124, '新社區', '426', 0, 9),
(125, '潭子區', '427', 0, 9),
(126, '大雅區', '428', 0, 9),
(127, '神岡區', '429', 0, 9),
(128, '大肚區', '432', 0, 9),
(129, '沙鹿區', '433', 0, 9),
(130, '龍井區', '434', 0, 9),
(131, '梧棲區', '435', 0, 9),
(132, '清水區', '436', 0, 9),
(133, '大甲區', '437', 0, 9),
(134, '外埔區', '438', 0, 9),
(135, '大安區', '439', 0, 9),
(136, '彰化市', '500', 0, 10),
(137, '芬園鄉', '502', 0, 10),
(138, '花壇鄉', '503', 0, 10),
(139, '秀水鄉', '504', 0, 10),
(140, '鹿港鎮', '505', 0, 10),
(141, '福興鄉', '506', 0, 10),
(142, '線西鄉', '507', 0, 10),
(143, '和美鎮', '508', 0, 10),
(144, '伸港鄉', '509', 0, 10),
(145, '員林市', '510', 0, 10),
(146, '社頭鄉', '511', 0, 10),
(147, '永靖鄉', '512', 0, 10),
(148, '埔心鄉', '513', 0, 10),
(149, '溪湖鎮', '514', 0, 10),
(150, '大村鄉', '515', 0, 10),
(151, '埔鹽鄉', '516', 0, 10),
(152, '田中鎮', '520', 0, 10),
(153, '北斗鎮', '521', 0, 10),
(154, '田尾鄉', '522', 0, 10),
(155, '埤頭鄉', '523', 0, 10),
(156, '溪州鄉', '524', 0, 10),
(157, '竹塘鄉', '525', 0, 10),
(158, '二林鎮', '526', 0, 10),
(159, '大城鄉', '527', 0, 10),
(160, '芳苑鄉', '528', 0, 10),
(161, '二水鄉', '530', 0, 10),
(162, '南投市', '540', 0, 11),
(163, '中寮鄉', '541', 0, 11),
(164, '草屯鎮', '542', 0, 11),
(165, '國姓鄉', '544', 0, 11),
(166, '埔里鎮', '545', 0, 11),
(167, '仁愛鄉', '546', 0, 11),
(168, '名間鄉', '551', 0, 11),
(169, '集集鎮', '552', 0, 11),
(170, '水里鄉', '553', 0, 11),
(171, '魚池鄉', '555', 0, 11),
(172, '信義鄉', '556', 0, 11),
(173, '竹山鎮', '557', 0, 11),
(174, '鹿谷鄉', '558', 0, 11),
(175, '斗南鎮', '630', 0, 12),
(176, '大埤鄉', '631', 0, 12),
(177, '虎尾鎮', '632', 0, 12),
(178, '土庫鎮', '633', 0, 12),
(179, '褒忠鄉', '634', 0, 12),
(180, '東勢鄉', '635', 0, 12),
(181, '臺西鄉', '636', 0, 12),
(182, '崙背鄉', '637', 0, 12),
(183, '麥寮鄉', '638', 0, 12),
(184, '斗六市', '640', 0, 12),
(185, '林內鄉', '643', 0, 12),
(186, '古坑鄉', '646', 0, 12),
(187, '莿桐鄉', '647', 0, 12),
(188, '西螺鎮', '648', 0, 12),
(189, '二崙鄉', '649', 0, 12),
(190, '北港鎮', '651', 0, 12),
(191, '水林鄉', '652', 0, 12),
(192, '口湖鄉', '653', 0, 12),
(193, '四湖鄉', '654', 0, 12),
(194, '元長鄉', '655', 0, 12),
(195, '嘉義市(東區)', '600', 0, 13),
(196, '番路鄉', '602', 0, 14),
(197, '梅山鄉', '603', 0, 14),
(198, '竹崎鄉', '604', 0, 14),
(199, '阿里山鄉', '605', 0, 14),
(200, '中埔鄉', '606', 0, 14),
(201, '大埔鄉', '607', 0, 14),
(202, '水上鄉', '608', 0, 14),
(203, '鹿草鄉', '611', 0, 14),
(204, '太保市', '612', 0, 14),
(205, '朴子市', '613', 0, 14),
(206, '東石鄉', '614', 0, 14),
(207, '六腳鄉', '615', 0, 14),
(208, '新港鄉', '616', 0, 14),
(209, '民雄鄉', '621', 0, 14),
(210, '大林鎮', '622', 0, 14),
(211, '溪口鄉', '623', 0, 14),
(212, '義竹鄉', '624', 0, 14),
(213, '布袋鎮', '625', 0, 14),
(214, '中西區', '700', 0, 15),
(215, '東區', '701', 0, 15),
(216, '南區', '702', 0, 15),
(217, '北區', '704', 0, 15),
(218, '安平區', '708', 0, 15),
(219, '安南區', '709', 0, 15),
(220, '永康區', '710', 0, 15),
(221, '歸仁區', '711', 0, 15),
(222, '新化區', '712', 0, 15),
(223, '左鎮區', '713', 0, 15),
(224, '玉井區', '714', 0, 15),
(225, '楠西區', '715', 0, 15),
(226, '南化區', '716', 0, 15),
(227, '仁德區', '717', 0, 15),
(228, '關廟區', '718', 0, 15),
(229, '龍崎區', '719', 0, 15),
(230, '官田區', '720', 0, 15),
(231, '麻豆區', '721', 0, 15),
(232, '佳里區', '722', 0, 15),
(233, '西港區', '723', 0, 15),
(234, '七股區', '724', 0, 15),
(235, '將軍區', '725', 0, 15),
(236, '學甲區', '726', 0, 15),
(237, '北門區', '727', 0, 15),
(238, '新營區', '730', 0, 15),
(239, '後壁區', '731', 0, 15),
(240, '白河區', '732', 0, 15),
(241, '東山區', '733', 0, 15),
(242, '六甲區', '734', 0, 15),
(243, '下營區', '735', 0, 15),
(244, '柳營區', '736', 0, 15),
(245, '鹽水區', '737', 0, 15),
(246, '善化區', '741', 0, 15),
(247, '大內區', '742', 0, 15),
(248, '山上區', '743', 0, 15),
(249, '新市區', '744', 0, 15),
(250, '安定區', '745', 0, 15),
(251, '新興區', '800', 0, 16),
(252, '前金區', '801', 0, 16),
(253, '苓雅區', '802', 0, 16),
(254, '鹽埕區', '803', 0, 16),
(255, '鼓山區', '804', 0, 16),
(256, '旗津區', '805', 0, 16),
(257, '前鎮區', '806', 0, 16),
(258, '三民區', '807', 0, 16),
(259, '楠梓區', '811', 0, 16),
(260, '小港區', '812', 0, 16),
(261, '左營區', '813', 0, 16),
(262, '仁武區', '814', 0, 16),
(263, '大社區', '815', 0, 16),
(264, '岡山區', '820', 0, 16),
(265, '路竹區', '821', 0, 16),
(266, '阿蓮區', '822', 0, 16),
(267, '田寮區', '823', 0, 16),
(268, '燕巢區', '824', 0, 16),
(269, '橋頭區', '825', 0, 16),
(270, '梓官區', '826', 0, 16),
(271, '彌陀區', '827', 0, 16),
(272, '永安區', '828', 0, 16),
(273, '湖內區', '829', 0, 16),
(274, '鳳山區', '830', 0, 16),
(275, '大寮區', '831', 0, 16),
(276, '林園區', '832', 0, 16),
(277, '鳥松區', '833', 0, 16),
(278, '大樹區', '840', 0, 16),
(279, '旗山區', '842', 0, 16),
(280, '美濃區', '843', 0, 16),
(281, '六龜區', '844', 0, 16),
(282, '內門區', '845', 0, 16),
(283, '杉林區', '846', 0, 16),
(284, '甲仙區', '847', 0, 16),
(285, '桃源區', '848', 0, 16),
(286, '那瑪夏區', '849', 0, 16),
(287, '茂林區', '851', 0, 16),
(288, '茄萣區', '852', 0, 16),
(289, '東沙', '817', 0, 17),
(290, '南沙', '819', 0, 17),
(291, '馬公市', '880', 0, 18),
(292, '西嶼鄉', '881', 0, 18),
(293, '望安鄉', '882', 0, 18),
(294, '七美鄉', '883', 0, 18),
(295, '白沙鄉', '884', 0, 18),
(296, '湖西鄉', '885', 0, 18),
(297, '屏東市', '900', 0, 19),
(298, '三地門鄉', '901', 0, 19),
(299, '霧臺鄉', '902', 0, 19),
(300, '瑪家鄉', '903', 0, 19),
(301, '九如鄉', '904', 0, 19),
(302, '里港鄉', '905', 0, 19),
(303, '高樹鄉', '906', 0, 19),
(304, '鹽埔鄉', '907', 0, 19),
(305, '長治鄉', '908', 0, 19),
(306, '麟洛鄉', '909', 0, 19),
(307, '竹田鄉', '911', 0, 19),
(308, '內埔鄉', '912', 0, 19),
(309, '萬丹鄉', '913', 0, 19),
(310, '潮州鎮', '920', 0, 19),
(311, '泰武鄉', '921', 0, 19),
(312, '來義鄉', '922', 0, 19),
(313, '萬巒鄉', '923', 0, 19),
(314, '崁頂鄉', '924', 0, 19),
(315, '新埤鄉', '925', 0, 19),
(316, '南州鄉', '926', 0, 19),
(317, '林邊鄉', '927', 0, 19),
(318, '東港鄉', '928', 0, 19),
(319, '琉球鄉', '929', 0, 19),
(320, '佳冬鄉', '931', 0, 19),
(321, '新園鄉', '932', 0, 19),
(322, '枋寮鄉', '940', 0, 19),
(323, '枋山鄉', '941', 0, 19),
(324, '春日鄉', '942', 0, 19),
(325, '獅子鄉', '943', 0, 19),
(326, '車城鄉', '944', 0, 19),
(327, '牡丹鄉', '945', 0, 19),
(328, '恆春鎮', '946', 0, 19),
(329, '滿州鄉', '947', 0, 19),
(330, '臺東市', '950', 0, 20),
(331, '綠島鄉', '951', 0, 20),
(332, '蘭嶼鄉', '952', 0, 20),
(333, '延平鄉', '953', 0, 20),
(334, '卑南鄉', '954', 0, 20),
(335, '鹿野鄉', '955', 0, 20),
(336, '關山鎮', '956', 0, 20),
(337, '海端鄉', '957', 0, 20),
(338, '池上鄉', '958', 0, 20),
(339, '東河鄉', '959', 0, 20),
(340, '成功鎮', '961', 0, 20),
(341, '長濱鄉', '962', 0, 20),
(342, '太麻里鄉', '963', 0, 20),
(343, '金峰鄉', '964', 0, 20),
(344, '大武鄉', '965', 0, 20),
(345, '達仁鄉', '966', 0, 20),
(346, '花蓮市', '970', 0, 21),
(347, '新城鄉', '971', 0, 21),
(348, '秀林鄉', '972', 0, 21),
(349, '吉安鄉', '973', 0, 21),
(350, '壽豐鄉', '974', 0, 21),
(351, '鳳林鎮', '975', 0, 21),
(352, '光復鄉', '976', 0, 21),
(353, '豐濱鄉', '977', 0, 21),
(354, '瑞穗鄉', '978', 0, 21),
(355, '萬榮鄉', '979', 0, 21),
(356, '玉里鎮', '981', 0, 21),
(357, '卓溪鄉', '982', 0, 21),
(358, '富里鄉', '983', 0, 21),
(359, '金沙鎮', '890', 0, 22),
(360, '金湖鎮', '891', 0, 22),
(361, '金寧鄉', '892', 0, 22),
(362, '金城鎮', '893', 0, 22),
(363, '烈嶼鄉', '894', 0, 22),
(364, '烏坵鄉', '896', 0, 22),
(365, '南竿鄉', '209', 0, 23),
(366, '北竿鄉', '210', 0, 23),
(367, '莒光鄉', '211', 0, 23),
(368, '東引鄉', '212', 0, 23),
(371, '新竹市(北區)', '300', 0, 5),
(372, '新竹市(香山區)', '300', 0, 5),
(373, '嘉義市(西區)', '600', 0, 13);

-- --------------------------------------------------------

--
-- 資料表結構 `uorder`
--

CREATE TABLE `uorder` (
  `orderid` varchar(30) COLLATE utf8_unicode_ci NOT NULL COMMENT '訂單編號',
  `emailid` int(10) NOT NULL COMMENT '會員編號',
  `addressid` int(10) NOT NULL COMMENT '收件人編號',
  `howpay` tinyint(4) NOT NULL DEFAULT 1 COMMENT '如何付款',
  `paystatus` int(5) DEFAULT NULL COMMENT '付款狀態',
  `status` tinyint(1) NOT NULL DEFAULT 1 COMMENT '訂單處理狀態',
  `remark` varchar(200) COLLATE utf8_unicode_ci DEFAULT NULL COMMENT '備註',
  `create_date` timestamp NOT NULL DEFAULT current_timestamp() COMMENT '訂單時間'
) ENGINE=InnoDB DEFAULT CHARSET=utf8 COLLATE=utf8_unicode_ci ROW_FORMAT=COMPACT;

--
-- 已傾印資料表的索引
--

--
-- 資料表索引 `addbook`
--
ALTER TABLE `addbook`
  ADD PRIMARY KEY (`addressid`);

--
-- 資料表索引 `carousel`
--
ALTER TABLE `carousel`
  ADD PRIMARY KEY (`caro_id`);

--
-- 資料表索引 `cart`
--
ALTER TABLE `cart`
  ADD PRIMARY KEY (`cartid`);

--
-- 資料表索引 `city`
--
ALTER TABLE `city`
  ADD PRIMARY KEY (`AutoNo`);

--
-- 資料表索引 `hot`
--
ALTER TABLE `hot`
  ADD PRIMARY KEY (`h_id`);

--
-- 資料表索引 `member`
--
ALTER TABLE `member`
  ADD PRIMARY KEY (`emailid`),
  ADD UNIQUE KEY `email` (`email`);

--
-- 資料表索引 `multiselect`
--
ALTER TABLE `multiselect`
  ADD PRIMARY KEY (`msid`);

--
-- 資料表索引 `product`
--
ALTER TABLE `product`
  ADD PRIMARY KEY (`p_id`);

--
-- 資料表索引 `product_img`
--
ALTER TABLE `product_img`
  ADD PRIMARY KEY (`img_id`);

--
-- 資料表索引 `pyclass`
--
ALTER TABLE `pyclass`
  ADD PRIMARY KEY (`classid`);

--
-- 資料表索引 `town`
--
ALTER TABLE `town`
  ADD PRIMARY KEY (`townNo`);

--
-- 資料表索引 `uorder`
--
ALTER TABLE `uorder`
  ADD PRIMARY KEY (`orderid`);

--
-- 在傾印的資料表使用自動遞增(AUTO_INCREMENT)
--

--
-- 使用資料表自動遞增(AUTO_INCREMENT) `addbook`
--
ALTER TABLE `addbook`
  MODIFY `addressid` int(11) NOT NULL AUTO_INCREMENT COMMENT '地址ID';

--
-- 使用資料表自動遞增(AUTO_INCREMENT) `carousel`
--
ALTER TABLE `carousel`
  MODIFY `caro_id` int(11) NOT NULL AUTO_INCREMENT COMMENT '輪播編號';

--
-- 使用資料表自動遞增(AUTO_INCREMENT) `cart`
--
ALTER TABLE `cart`
  MODIFY `cartid` int(11) NOT NULL AUTO_INCREMENT COMMENT '購物車編號';

--
-- 使用資料表自動遞增(AUTO_INCREMENT) `city`
--
ALTER TABLE `city`
  MODIFY `AutoNo` int(11) NOT NULL AUTO_INCREMENT COMMENT '城市編號', AUTO_INCREMENT=24;

--
-- 使用資料表自動遞增(AUTO_INCREMENT) `hot`
--
ALTER TABLE `hot`
  MODIFY `h_id` int(3) NOT NULL AUTO_INCREMENT COMMENT '熱銷商品流水號', AUTO_INCREMENT=4;

--
-- 使用資料表自動遞增(AUTO_INCREMENT) `member`
--
ALTER TABLE `member`
  MODIFY `emailid` int(11) NOT NULL AUTO_INCREMENT COMMENT 'email流水號';

--
-- 使用資料表自動遞增(AUTO_INCREMENT) `multiselect`
--
ALTER TABLE `multiselect`
  MODIFY `msid` int(5) NOT NULL AUTO_INCREMENT COMMENT '多功能選擇ID', AUTO_INCREMENT=39;

--
-- 使用資料表自動遞增(AUTO_INCREMENT) `product`
--
ALTER TABLE `product`
  MODIFY `p_id` int(10) NOT NULL AUTO_INCREMENT COMMENT '產品編號', AUTO_INCREMENT=30;

--
-- 使用資料表自動遞增(AUTO_INCREMENT) `product_img`
--
ALTER TABLE `product_img`
  MODIFY `img_id` int(11) NOT NULL AUTO_INCREMENT COMMENT '圖檔編號', AUTO_INCREMENT=60;

--
-- 使用資料表自動遞增(AUTO_INCREMENT) `pyclass`
--
ALTER TABLE `pyclass`
  MODIFY `classid` int(3) NOT NULL AUTO_INCREMENT COMMENT '產品類別', AUTO_INCREMENT=11;

--
-- 使用資料表自動遞增(AUTO_INCREMENT) `town`
--
ALTER TABLE `town`
  MODIFY `townNo` bigint(20) NOT NULL AUTO_INCREMENT COMMENT '鄕鎮市編號', AUTO_INCREMENT=374;
COMMIT;

/*!40101 SET CHARACTER_SET_CLIENT=@OLD_CHARACTER_SET_CLIENT */;
/*!40101 SET CHARACTER_SET_RESULTS=@OLD_CHARACTER_SET_RESULTS */;
/*!40101 SET COLLATION_CONNECTION=@OLD_COLLATION_CONNECTION */;
